Date,Time,Comp,Round,Day,Venue,Result,GF,GA,Opponent,Poss,Attendance,Captain,Formation,Opp Formation,Referee,Match Report,Notes
2026-08-16,15:00 (19:30),FA Community Shield,FA Community Shield,Sun,Neutral,W,3,0,Manchester City,41,58056,Martin Ødegaard,4-2-3-1,4-2-3-1,Samuel Barrott,Match Report,
2026-08-21,20:00 (00:30),Premier League,Matchweek 1,Fri,Home,W,3,0,Coventry City,65,60098,Martin Ødegaard,4-2-3-1,4-1-4-1,Thomas Bramall,Match Report,
2026-08-31,20:00 (00:30),Premier League,Matchweek 2,Mon,Away,W,1,0,Aston Villa,61,36804,Martin Ødegaard,4-2-3-1,4-2-3-1,Jarred Gillett,Match Report,
2026-09-06,16:30 (21:00),Premier League,Matchweek 3,Sun,Home,W,2,1,Chelsea,55,60240,Martin Ødegaard,4-2-3-1,3-4-3,Chris Kavanagh,Match Report,
2026-09-09,21:00 (00:30),Champions Lg,League phase,Wed,Away,W,1,0,it Napoli,58,44083,Martin Ødegaard,4-2-3-1,4-3-3,Glenn Nyberg,Match Report,
2026-09-12,20:00 (00:30),Premier League,Matchweek 4,Sat,Away,W,2,0,Sunderland,58,46861,Martin Ødegaard,4-2-3-1,4-2-3-1,John Brooks,Match Report,
2026-09-15,20:00 (00:30),EFL Cup,Third round,Tue,Away,W,4,2,Ipswich Town,59,28966,Mikel Merino,4-2-3-1,4-2-3-1,Peter Bankes,Match Report,
2026-09-19,15:00 (19:30),Premier League,Matchweek 5,Sat,Away,L,0,3,Brighton,60,31944,Martin Ødegaard,4-2-3-1,4-2-3-1,Darren England,Match Report,
2026-10-10,12:30 (17:00),Premier League,Matchweek 6,Sat,Home,,,,Leeds United,,,,,,,Head-to-Head,
2026-10-13,20:00 (00:30),Champions Lg,League phase,Tue,Home,,,,fr Lille,,,,,,,Head-to-Head,
2026-10-18,16:30 (21:00),Premier League,Matchweek 7,Sun,Away,,,,Nottingham,,,,,,,Head-to-Head,
2026-10-21,21:00 (00:30),Champions Lg,League phase,Wed,Away,,,,de Bayern Munich,,,,,,,Head-to-Head,
2026-10-24,15:00 (19:30),Premier League,Matchweek 8,Sat,Home,,,,Everton,,,,,,,Head-to-Head,
2026-10-27,20:00 (01:30),EFL Cup,Fourth round,Tue,Away,,,,Fleetwood Town,,,,,,,Head-to-Head,
2026-11-01,16:30 (22:00),Premier League,Matchweek 9,Sun,Away,,,,Liverpool,,,,,,,Head-to-Head,
2026-11-04,21:00 (01:30),Champions Lg,League phase,Wed,Away,,,,cz Slavia Prague,,,,,,,Head-to-Head,
2026-11-07,15:00 (20:30),Premier League,Matchweek 10,Sat,Home,,,,Hull City,,,,,,,Head-to-Head,
2026-11-21,17:30 (23:00),Premier League,Matchweek 11,Sat,Away,,,,Newcastle,,,,,,,Head-to-Head,
2026-11-24,20:00 (01:30),Champions Lg,League phase,Tue,Home,,,,de Dortmund,,,,,,,Head-to-Head,
2026-11-29,16:30 (22:00),Premier League,Matchweek 12,Sun,Home,,,,Manchester City,,,,,,,Head-to-Head,
2026-12-02,20:00 (01:30),Premier League,Matchweek 13,Wed,Away,,,,Brentford,,,,,,,Head-to-Head,
2026-12-05,15:00 (20:30),Premier League,Matchweek 14,Sat,Away,,,,Tottenham,,,,,,,Head-to-Head,
2026-12-09,20:00 (01:30),Champions Lg,League phase,Wed,Home,,,,es Real Madrid,,,,,,,Head-to-Head,
2026-12-12,15:00 (20:30),Premier League,Matchweek 15,Sat,Home,,,,Bournemouth,,,,,,,Head-to-Head,
2026-12-19,15:00 (20:30),Premier League,Matchweek 16,Sat,Home,,,,Manchester Utd,,,,,,,Head-to-Head,
2026-12-27,19:00 (00:30),Premier League,Matchweek 17,Sun,Away,,,,Crystal Palace,,,,,,,Head-to-Head,
2026-12-30,19:30 (01:00),Premier League,Matchweek 18,Wed,Away,,,,Fulham,,,,,,,Head-to-Head,
2027-01-02,15:00 (20:30),Premier League,Matchweek 19,Sat,Home,,,,Ipswich Town,,,,,,,Head-to-Head,
2027-01-05,19:30 (01:00),Premier League,Matchweek 20,Tue,Home,,,,Brentford,,,,,,,Head-to-Head,
2027-01-16,15:00 (20:30),Premier League,Matchweek 21,Sat,Away,,,,Hull City,,,,,,,Head-to-Head,
2027-01-20,21:00 (01:30),Champions Lg,League phase,Wed,Away,,,,es Real Betis,,,,,,,Head-to-Head,
2027-01-23,15:00 (20:30),Premier League,Matchweek 22,Sat,Home,,,,Newcastle,,,,,,,Head-to-Head,
2027-01-27,20:00 (01:30),Champions Lg,League phase,Wed,Home,,,,az Sabah FK,,,,,,,Head-to-Head,
2027-01-30,15:00 (20:30),Premier League,Matchweek 23,Sat,Away,,,,Manchester City,,,,,,,Head-to-Head,
2027-02-06,15:00 (20:30),Premier League,Matchweek 24,Sat,Home,,,,Liverpool,,,,,,,Head-to-Head,
2027-02-10,20:00 (01:30),Premier League,Matchweek 25,Wed,Away,,,,Ipswich Town,,,,,,,Head-to-Head,
2027-02-20,15:00 (20:30),Premier League,Matchweek 26,Sat,Home,,,,Fulham,,,,,,,Head-to-Head,
2027-02-27,15:00 (20:30),Premier League,Matchweek 27,Sat,Away,,,,Manchester Utd,,,,,,,Head-to-Head,
2027-03-03,20:00 (01:30),Premier League,Matchweek 28,Wed,Home,,,,Crystal Palace,,,,,,,Head-to-Head,
2027-03-13,15:00 (20:30),Premier League,Matchweek 29,Sat,Away,,,,Chelsea,,,,,,,Head-to-Head,
2027-03-20,15:00 (20:30),Premier League,Matchweek 30,Sat,Home,,,,Sunderland,,,,,,,Head-to-Head,
2027-04-10,15:00 (19:30),Premier League,Matchweek 31,Sat,Away,,,,Coventry City,,,,,,,Head-to-Head,
2027-04-17,15:00 (19:30),Premier League,Matchweek 32,Sat,Home,,,,Aston Villa,,,,,,,Head-to-Head,
2027-04-24,15:00 (19:30),Premier League,Matchweek 33,Sat,Away,,,,Bournemouth,,,,,,,Head-to-Head,
2027-05-01,15:00 (19:30),Premier League,Matchweek 34,Sat,Home,,,,Tottenham,,,,,,,Head-to-Head,
2027-05-08,15:00 (19:30),Premier League,Matchweek 35,Sat,Away,,,,Leeds United,,,,,,,Head-to-Head,
2027-05-15,15:00 (19:30),Premier League,Matchweek 36,Sat,Home,,,,Nottingham,,,,,,,Head-to-Head,
2027-05-23,15:00 (19:30),Premier League,Matchweek 37,Sun,Away,,,,Everton,,,,,,,Head-to-Head,
2027-05-30,16:00 (20:30),Premier League,Matchweek 38,Sun,Home,,,,Brighton,,,,,,,Head-to-Head,